op,scenario,status,classification,baseline_ms,candidate_ms,speedup,max_error_ratio,mean_abs_diff,failure_reason
allreduce,tokens-1/1a3f097c,SKIPPED,distributed_not_run,,,,,,SKIPPED: allreduce requires a working distributed/NCCL process group; singleton NCCL failed in this environment with CUDA driver/runtime mismatch.
allreduce,tokens-1/a6d82e4f,SKIPPED,distributed_not_run,,,,,,SKIPPED: allreduce requires a working distributed/NCCL process group; singleton NCCL failed in this environment with CUDA driver/runtime mismatch.
allreduce,tokens-1024/a0b38154,SKIPPED,distributed_not_run,,,,,,SKIPPED: allreduce requires a working distributed/NCCL process group; singleton NCCL failed in this environment with CUDA driver/runtime mismatch.
allreduce,tokens-1024/b06513da,SKIPPED,distributed_not_run,,,,,,SKIPPED: allreduce requires a working distributed/NCCL process group; singleton NCCL failed in this environment with CUDA driver/runtime mismatch.
allreduce,tokens-16384/5b22a522,SKIPPED,distributed_not_run,,,,,,SKIPPED: allreduce requires a working distributed/NCCL process group; singleton NCCL failed in this environment with CUDA driver/runtime mismatch.
allreduce,tokens-16384/6da45785,SKIPPED,distributed_not_run,,,,,,SKIPPED: allreduce requires a working distributed/NCCL process group; singleton NCCL failed in this environment with CUDA driver/runtime mismatch.
allreduce,tokens-1760/e8d440cd,SKIPPED,distributed_not_run,,,,,,SKIPPED: allreduce requires a working distributed/NCCL process group; singleton NCCL failed in this environment with CUDA driver/runtime mismatch.
allreduce,tokens-2048/8b803f5a,SKIPPED,distributed_not_run,,,,,,SKIPPED: allreduce requires a working distributed/NCCL process group; singleton NCCL failed in this environment with CUDA driver/runtime mismatch.
allreduce,tokens-256/be1d244f,SKIPPED,distributed_not_run,,,,,,SKIPPED: allreduce requires a working distributed/NCCL process group; singleton NCCL failed in this environment with CUDA driver/runtime mismatch.
allreduce,tokens-32/873a036a,SKIPPED,distributed_not_run,,,,,,SKIPPED: allreduce requires a working distributed/NCCL process group; singleton NCCL failed in this environment with CUDA driver/runtime mismatch.
allreduce,tokens-4/c043faa8,SKIPPED,distributed_not_run,,,,,,SKIPPED: allreduce requires a working distributed/NCCL process group; singleton NCCL failed in this environment with CUDA driver/runtime mismatch.
allreduce,tokens-4096/eaad12f6,SKIPPED,distributed_not_run,,,,,,SKIPPED: allreduce requires a working distributed/NCCL process group; singleton NCCL failed in this environment with CUDA driver/runtime mismatch.
allreduce,tokens-512/a46a4be7,SKIPPED,distributed_not_run,,,,,,SKIPPED: allreduce requires a working distributed/NCCL process group; singleton NCCL failed in this environment with CUDA driver/runtime mismatch.
allreduce,tokens-512/d930a8ac,SKIPPED,distributed_not_run,,,,,,SKIPPED: allreduce requires a working distributed/NCCL process group; singleton NCCL failed in this environment with CUDA driver/runtime mismatch.
allreduce,tokens-64/b7e0e564,SKIPPED,distributed_not_run,,,,,,SKIPPED: allreduce requires a working distributed/NCCL process group; singleton NCCL failed in this environment with CUDA driver/runtime mismatch.
batch_norm2d,tokens-32/manual_yolov10_bn,PASS,candidate_correct_and_timed,0.032096010,0.031023999,1.034554,0,0,
chunk_gla,tokens-100/02b661dc,PASS,candidate_correct_and_timed,4.830181002,4.842622991,0.997431,0,0,
chunk_gla,tokens-100/3da3d227,PASS,candidate_correct_and_timed,4.567270007,4.573201004,0.998703,0,0,
chunk_gla,tokens-2/ea237018,PASS,candidate_correct_and_timed,0.322640000,0.321369997,1.003952,0,0,
chunk_gla,tokens-3/30fe8dd3,PASS,candidate_correct_and_timed,0.287403993,0.289118005,0.994072,0,0,
chunk_gla,tokens-70/7106812f,PASS,candidate_correct_and_timed,1.676404994,1.673820996,1.001544,0,0,
chunk_retention,tokens-64/manual_gla_prefill,PASS,candidate_correct_and_timed,0.222571005,0.213298990,1.043470,0,0,
conv2d,tokens-128/689ea8b1,PASS,candidate_correct_and_timed,0.029052011,0.040864994,0.710927,0.00227544317,3.94896293e-09,
conv2d,tokens-16/294768a7,PASS,candidate_correct_and_timed,0.028356997,0.036388010,0.779295,0.00140702329,3.93576682e-09,
conv2d,tokens-256/f74df34e,PASS,candidate_correct_and_timed,0.027973001,0.044569999,0.627620,0.00271498598,3.9486725e-09,
conv2d,tokens-32/069964db,PASS,candidate_correct_and_timed,0.045142995,0.046284011,0.975348,0.390625,0.000201065763,
conv2d,tokens-32/0c458a17,PASS,candidate_correct_and_timed,0.139311000,0.076034004,1.832220,0.260416687,0.000182852222,
conv2d,tokens-32/0d93d5e9,PASS,candidate_correct_and_timed,0.100020989,0.174230998,0.574071,0.390625,0.000313930592,
conv2d,tokens-32/148f4fb4,PASS,candidate_correct_and_timed,0.099807003,0.064282009,1.552643,0,0,
conv2d,tokens-32/158b60ff,PASS,candidate_correct_and_timed,0.045697001,0.044982997,1.015873,0.390625,0.000201736068,
conv2d,tokens-32/31d67871,PASS,candidate_correct_and_timed,0.080243000,0.053779993,1.492060,0.260416687,0.000136690534,
conv2d,tokens-32/338220c8,PASS,candidate_correct_and_timed,0.042324988,0.041052001,1.031009,0,0,
conv2d,tokens-32/34471fe3,PASS,candidate_correct_and_timed,0.145038997,0.082790008,1.751890,0.156250015,7.80833579e-05,
conv2d,tokens-32/5147f282,PASS,candidate_correct_and_timed,0.049446011,0.068280991,0.724155,0.390625,0.000243784962,
conv2d,tokens-32/55a897d6,PASS,candidate_correct_and_timed,0.059645012,0.047668989,1.251233,0,0,
conv2d,tokens-32/5e863dd3,PASS,candidate_correct_and_timed,0.120343000,0.072839990,1.652156,0,0,
conv2d,tokens-32/68175092,PASS,candidate_correct_and_timed,0.040080995,0.081485006,0.491882,0.390625,0.000362862018,
conv2d,tokens-32/6b927ca7,PASS,candidate_correct_and_timed,0.037973005,0.039801002,0.954072,0,0,
conv2d,tokens-32/6e8b14b0,PASS,candidate_correct_and_timed,0.241399990,0.071827992,3.360807,0.0868055597,3.62536448e-05,
conv2d,tokens-32/71af0e57,PASS,candidate_correct_and_timed,0.047135996,0.042807995,1.101103,0,0,
conv2d,tokens-32/8ce0e4a3,PASS,candidate_correct_and_timed,0.057330006,0.049234004,1.164439,0,0,
conv2d,tokens-32/8e18aaa8,PASS,candidate_correct_and_timed,0.027745991,0.039726991,0.698417,0.00258435402,3.93344868e-09,
conv2d,tokens-32/96c5ce9a,PASS,candidate_correct_and_timed,0.139509997,0.083381005,1.673163,0.156250015,7.71536652e-05,
conv2d,tokens-32/aa0d5058,PASS,candidate_correct_and_timed,0.024834997,0.035439996,0.700762,0,0,
conv2d,tokens-32/acc252d4,PASS,candidate_correct_and_timed,0.038220998,0.039820006,0.959844,0,0,
conv2d,tokens-32/b192435a,PASS,candidate_correct_and_timed,0.027532995,0.036252997,0.759468,0,0,
conv2d,tokens-32/b60f7bc6,PASS,candidate_correct_and_timed,0.028387003,0.035461009,0.800513,0,0,
conv2d,tokens-32/b851e6ef,PASS,candidate_correct_and_timed,0.074383002,0.048679009,1.528030,0.260416687,0.000133276058,
conv2d,tokens-32/c2467acf,PASS,candidate_correct_and_timed,0.044482003,0.083072999,0.535457,0,0,
conv2d,tokens-32/cad7a3ba,PASS,candidate_correct_and_timed,0.072947994,0.069895992,1.043665,0.260416687,0.000192275067,
conv2d,tokens-32/d2d2dbe5,PASS,candidate_correct_and_timed,0.034395009,0.042957996,0.800666,0.387596905,0.000243407238,
conv2d,tokens-32/d5da1326,PASS,candidate_correct_and_timed,0.033782999,0.040321000,0.837851,0.389105082,0.000244811352,
conv2d,tokens-32/e012a226,PASS,candidate_correct_and_timed,0.073575007,0.047485999,1.549404,0.260416687,0.000133666632,
conv2d,tokens-32/e0ab4a6e,PASS,candidate_correct_and_timed,0.057565005,0.043038002,1.337539,0.260416687,0.000174339919,
conv2d,tokens-32/e109fcc5,PASS,candidate_correct_and_timed,0.076704004,0.046305999,1.656459,0.260416687,0.000182891585,
conv2d,tokens-32/ef93e85d,PASS,candidate_correct_and_timed,0.027852002,0.034602999,0.804901,0,0,
conv2d,tokens-32/f153d84c,PASS,candidate_correct_and_timed,0.139557000,0.083274004,1.675877,0.156250015,7.71685445e-05,
conv2d,tokens-32/f3ff8b81,PASS,candidate_correct_and_timed,0.058435005,0.042780011,1.365942,0.260416687,0.000174818895,
conv2d,tokens-4/f30ae272,PASS,candidate_correct_and_timed,0.085723004,0.037164995,2.306552,0.000197653746,2.81741241e-10,
conv2d,tokens-8/28b23b20,PASS,candidate_correct_and_timed,0.132332003,0.035064993,3.773906,0.000205377524,2.80225426e-10,
conv2d,tokens-8/652465ec,PASS,candidate_correct_and_timed,0.027511996,0.036880010,0.745987,0.00163821643,3.92556165e-09,
conv3d,tokens-1/manual_qwen_vl_patch,PASS,candidate_correct_and_timed,0.175196998,0.051409006,3.407905,0.204498976,3.44382397e-06,
dense_attention,tokens-1152/4d4756be,PASS,candidate_correct_and_timed,0.449450992,0.113853996,3.947608,0.043459367,5.61703928e-09,
dense_attention,tokens-1152/7a7431d9,PASS,candidate_correct_and_timed,0.463620003,0.130683999,3.547642,0.0618429184,2.26806769e-08,
dense_attention,tokens-1152/b78cab0d,PASS,candidate_correct_and_timed,0.460415002,0.127203006,3.619529,0.0564227961,2.22581953e-08,
dense_attention,tokens-1152/bc284e2a,PASS,candidate_correct_and_timed,0.458049995,0.119535995,3.831900,0.0485436916,1.03280868e-08,
dense_attention,tokens-128/9a95ff0c,PASS,candidate_correct_and_timed,0.200449009,0.179728988,1.115285,0.0325520858,1.37239149e-05,
dense_attention,tokens-16/702e21de,PASS,candidate_correct_and_timed,0.064156993,0.045177003,1.420125,0.032520324,1.37347124e-05,
dense_attention,tokens-256/5120bb3d,PASS,candidate_correct_and_timed,0.346502988,0.328223003,1.055694,0.0476190485,1.37468032e-05,
dense_attention,tokens-32/fa3a887f,PASS,candidate_correct_and_timed,0.086736007,0.065222994,1.329838,0.0325520858,1.37264242e-05,
dense_attention,tokens-4/550811ec,PASS,candidate_correct_and_timed,2.794055006,2.647276997,1.055445,0.0868055597,4.2475891e-05,
dense_attention,tokens-4/b20ab24d,PASS,candidate_correct_and_timed,3.172755998,2.711346009,1.170177,0.0866551101,4.24658938e-05,
dense_attention,tokens-576/74a64fbf,PASS,candidate_correct_and_timed,0.260910005,0.080229001,3.252066,0.0666319057,2.5641242e-08,
dense_attention,tokens-576/dd44160d,PASS,candidate_correct_and_timed,0.255345003,0.072156996,3.538742,0.0472813249,1.17786971e-08,
dense_attention,tokens-576/ed8e1fde,PASS,candidate_correct_and_timed,0.244209004,0.071668997,3.407457,0.0467071459,2.69695488e-09,
dense_attention,tokens-576/edca2092,PASS,candidate_correct_and_timed,0.255364008,0.077877005,3.279068,0.048780486,1.78397599e-08,
dense_attention,tokens-8/12a283e8,PASS,candidate_correct_and_timed,0.060883001,0.035088000,1.735152,0.0323834196,1.37095312e-05,
dense_attention,tokens-8/aea4449e,PASS,candidate_correct_and_timed,0.747322993,0.677117001,1.103684,0.156250015,6.96880088e-05,
dense_attention,tokens-8/bc58c932,PASS,candidate_correct_and_timed,0.698680000,0.660660997,1.057547,0.156006247,6.96822244e-05,
diffusion_rope,tokens-4/d394768c,PASS,candidate_correct_and_timed,0.168952989,0.166511003,1.014666,0,0,
diffusion_rope,tokens-8/62907424,PASS,candidate_correct_and_timed,0.123196005,0.121008008,1.018081,0,0,
embedding,tokens-1/338a1210,PASS,candidate_correct_and_timed,0.020070991,0.031490999,0.637356,0,0,
embedding,tokens-1/844725a5,PASS,candidate_correct_and_timed,0.019102998,0.031409989,0.608182,0,0,
embedding,tokens-16384/4ef6a917,PASS,candidate_correct_and_timed,0.028534996,0.037228005,0.766493,0,0,
embedding,tokens-256/e3e39575,PASS,candidate_correct_and_timed,0.020333988,0.029211995,0.696084,0,0,
embedding,tokens-32/dc1c0dc7,PASS,candidate_correct_and_timed,0.022282999,0.030886993,0.721436,0,0,
embedding,tokens-32/f2ffb983,PASS,candidate_correct_and_timed,0.020944994,0.030846000,0.679018,0,0,
embedding,tokens-4/028a8302,PASS,candidate_correct_and_timed,0.027549002,0.034705998,0.793782,0,0,
embedding,tokens-4/38cff722,PASS,candidate_correct_and_timed,0.023892004,0.033791992,0.707032,0,0,
embedding,tokens-4/8064ba9c,PASS,candidate_correct_and_timed,0.021890010,0.031247997,0.700525,0,0,
embedding,tokens-4/ad63cf8c,PASS,candidate_correct_and_timed,0.019026993,0.031055999,0.612667,0,0,
embedding,tokens-4/f01f4723,PASS,candidate_correct_and_timed,0.021731001,0.029753995,0.730356,0,0,
embedding,tokens-64/540cbacb,PASS,candidate_correct_and_timed,0.021158994,0.029439994,0.718716,0,0,
embedding,tokens-8/207b9975,PASS,candidate_correct_and_timed,0.020884996,0.029868010,0.699243,0,0,
flash_attn_decode,tokens-4/manual_llama_decode,PASS,candidate_correct_and_timed,0.038785001,0.029553994,1.312344,0.154320985,8.30674253e-05,
flash_attn_prefill,tokens-1320/332a5e79,PASS,candidate_correct_and_timed,0.048848000,0.051519994,0.948137,0.156250015,8.81289088e-05,
flash_attn_prefill,tokens-1760/43886b6d,PASS,candidate_correct_and_timed,0.050960007,0.057369005,0.888285,0.154083207,8.14094819e-05,
flash_attn_prefill,tokens-2304/8e1e122d,PASS,candidate_correct_and_timed,0.067351008,0.105369996,0.639186,0.0868055597,5.55469123e-05,
flash_attn_prefill,tokens-3072/bfef8213,PASS,candidate_correct_and_timed,0.070951995,0.128705986,0.551272,0.0867302716,4.98884583e-05,
flash_attn_prefill,tokens-4096/a37439b5,PASS,candidate_correct_and_timed,0.113136994,0.161054995,0.702474,0.085763298,4.38909956e-05,
flash_attn_varlen,tokens-13692/5e75b465,PASS,candidate_correct_and_timed,0.334587996,0.092610004,3.612871,0.387596905,4.14449417e-08,
flashinfer_decode,tokens-111253/06217ec2,PASS,candidate_correct_and_timed,0.051898998,0.211600985,0.245268,0.0900090039,9.87131862e-05,
flashinfer_decode,tokens-111253/073a23be,PASS,candidate_correct_and_timed,0.043521999,0.089811001,0.484595,0.0917431191,0.000129337088,
flashinfer_decode,tokens-111253/527ca08f,PASS,candidate_correct_and_timed,0.053269003,0.167874998,0.317313,0.09099181,8.55879116e-05,
flashinfer_decode,tokens-111253/5da690cb,PASS,candidate_correct_and_timed,0.039885999,0.058985999,0.676194,0.09099181,0.000118380973,
flashinfer_decode,tokens-111253/89f6e4f3,PASS,candidate_correct_and_timed,0.051907002,0.209507009,0.247758,0.0905797109,9.98637042e-05,
flashinfer_decode,tokens-111253/8bbaaecb,PASS,candidate_correct_and_timed,0.052731993,0.209388003,0.251839,0.0877963156,9.89561158e-05,
flashinfer_decode,tokens-111253/9c0d4006,PASS,candidate_correct_and_timed,0.041987005,0.052870004,0.794156,0.0880281702,0.000111041023,
flashinfer_decode,tokens-111253/9e111513,PASS,candidate_correct_and_timed,0.040394996,0.081902006,0.493211,0.0940733775,0.000131525172,
flashinfer_decode,tokens-111253/aa3f8f9c,PASS,candidate_correct_and_timed,0.057169003,0.247028991,0.231426,0.149253741,9.00855302e-05,
flashinfer_decode,tokens-111253/ac5436c7,PASS,candidate_correct_and_timed,0.038667000,0.048342001,0.799863,0.0909090936,0.000127675463,
flashinfer_decode,tokens-111253/e8e289ee,PASS,candidate_correct_and_timed,0.045003995,0.103623999,0.434301,0.091407679,0.000112888913,
flashinfer_decode,tokens-111253/eea5cddc,PASS,candidate_correct_and_timed,0.058739999,0.257078005,0.228491,0.0887311473,8.57037448e-05,
flashinfer_decode,tokens-207860/04e81411,PASS,candidate_correct_and_timed,0.043884997,0.047641006,0.921160,0.164880455,0.00012607922,
flashinfer_decode,tokens-207860/09c7e20a,PASS,candidate_correct_and_timed,0.062564999,0.060120990,1.040652,0.0912825167,0.000100406658,
flashinfer_decode,tokens-207860/10a9253b,PASS,candidate_correct_and_timed,0.045241002,0.046043002,0.982582,0.133689851,0.00012564499,
flashinfer_decode,tokens-207860/1266c119,PASS,candidate_correct_and_timed,0.068351990,0.063942993,1.068952,0.0910746828,0.000100030695,
flashinfer_decode,tokens-207860/195d00f2,PASS,candidate_correct_and_timed,0.043170003,0.046039990,0.937663,0.130548298,0.00012485245,
flashinfer_decode,tokens-207860/248ddf4e,PASS,candidate_correct_and_timed,0.044952001,0.045784007,0.981828,0.091911763,0.000125361083,
flashinfer_decode,tokens-207860/45e0e6ed,PASS,candidate_correct_and_timed,0.065440006,0.062676001,1.044100,0.0917010531,9.96368399e-05,
flashinfer_decode,tokens-207860/4a3bf325,PASS,candidate_correct_and_timed,0.065368993,0.058386999,1.119581,0.155279517,0.000100498262,
flashinfer_decode,tokens-207860/4d87aca4,PASS,candidate_correct_and_timed,0.043391003,0.045557012,0.952455,0.0918273702,0.000125015184,
flashinfer_decode,tokens-207860/5887769f,PASS,candidate_correct_and_timed,0.049278999,0.052832009,0.932749,0.0907852948,9.93574213e-05,
flashinfer_decode,tokens-207860/667b833e,PASS,candidate_correct_and_timed,0.042797998,0.045272012,0.945352,0.0944956318,0.000125789651,
flashinfer_decode,tokens-207860/77c464cd,PASS,candidate_correct_and_timed,0.061496001,0.058110003,1.058269,0.091911763,0.000100293051,
flashinfer_decode,tokens-207860/8394acf2,PASS,candidate_correct_and_timed,0.068966998,0.064073014,1.076381,0.154320985,0.000101449034,
flashinfer_decode,tokens-207860/8f4e26b4,PASS,candidate_correct_and_timed,0.068541005,0.063479994,1.079726,0.0930232555,0.000100073659,
flashinfer_decode,tokens-207860/97a028d0,PASS,candidate_correct_and_timed,0.043200998,0.045358000,0.952445,0.167224079,0.000128576998,
flashinfer_decode,tokens-207860/b6764e1c,PASS,candidate_correct_and_timed,0.041852996,0.045661000,0.916603,0.163666129,0.000124597602,
flashinfer_decode,tokens-207860/c05bdb21,PASS,candidate_correct_and_timed,0.062056992,0.058368998,1.063184,0.0916590318,0.00010004919,
flashinfer_decode,tokens-207860/d18fd51d,PASS,candidate_correct_and_timed,0.070141003,0.063811996,1.099182,0.0918273702,9.97072566e-05,
flashinfer_decode,tokens-207860/e85cabb8,PASS,candidate_correct_and_timed,0.043397988,0.045515990,0.953467,0.0918273702,0.000125993975,
flashinfer_decode,tokens-207860/f16acc03,PASS,candidate_correct_and_timed,0.046119996,0.045670997,1.009831,0.165425971,0.000126183309,
flashinfer_decode,tokens-70616/01a69a0b,PASS,candidate_correct_and_timed,0.087195993,0.092853996,0.939066,0.0874890685,8.63842724e-05,
flashinfer_decode,tokens-70616/0709107b,PASS,candidate_correct_and_timed,0.088143002,0.093663999,0.941055,0.0868055597,8.63161986e-05,
flashinfer_decode,tokens-70616/0f812e55,PASS,candidate_correct_and_timed,0.062630003,0.081591003,0.767609,0.0866551101,8.56513798e-05,
flashinfer_decode,tokens-70616/147464e1,PASS,candidate_correct_and_timed,0.042198997,0.068352994,0.617369,0.0905797109,0.000116113762,
flashinfer_decode,tokens-70616/19919b7b,PASS,candidate_correct_and_timed,0.097853001,0.090907997,1.076396,0.0868055597,8.62833695e-05,
flashinfer_decode,tokens-70616/1a34e41d,PASS,candidate_correct_and_timed,0.039380000,0.067096000,0.586920,0.0897666141,0.000116983458,
flashinfer_decode,tokens-70616/4a5b0d70,PASS,candidate_correct_and_timed,0.040001003,0.068576992,0.583301,0.0873362496,0.000115997827,
flashinfer_decode,tokens-70616/4e47c413,PASS,candidate_correct_and_timed,0.138100993,0.124764993,1.106889,0.0885739625,8.65202164e-05,
flashinfer_decode,tokens-70616/51a5adcc,PASS,candidate_correct_and_timed,0.042661995,0.068283000,0.624782,0.0915750936,0.000115884002,
flashinfer_decode,tokens-70616/522127ee,PASS,candidate_correct_and_timed,0.062448002,0.081736012,0.764021,0.0868055597,8.80610751e-05,
flashinfer_decode,tokens-70616/6866e9d2,PASS,candidate_correct_and_timed,0.042541011,0.068966998,0.616831,0.0920174867,0.00011688743,
flashinfer_decode,tokens-70616/746d98f3,PASS,candidate_correct_and_timed,0.127591993,0.111361005,1.145751,0.0891265646,8.65999755e-05,
flashinfer_decode,tokens-70616/8114a5c2,PASS,candidate_correct_and_timed,0.087898996,0.094221992,0.932893,0.0868055597,8.68380594e-05,
flashinfer_decode,tokens-70616/8cdf253b,PASS,candidate_correct_and_timed,0.064678999,0.081427992,0.794309,0.0867302716,8.48402124e-05,
flashinfer_decode,tokens-70616/92a7fd38,PASS,candidate_correct_and_timed,0.063932006,0.083569001,0.765021,0.0866551101,8.58198691e-05,
flashinfer_decode,tokens-70616/9652955e,PASS,candidate_correct_and_timed,0.081234000,0.089334004,0.909329,0.0874890685,8.65840848e-05,
flashinfer_decode,tokens-70616/9ff70759,PASS,candidate_correct_and_timed,0.081449994,0.092090995,0.884451,0.088888891,8.56421902e-05,
flashinfer_decode,tokens-70616/a20a9689,PASS,candidate_correct_and_timed,0.137044000,0.125076011,1.095686,0.0905797109,8.67052004e-05,
flashinfer_decode,tokens-70616/a7968998,PASS,candidate_correct_and_timed,0.040108003,0.067752000,0.591983,0.0873362496,0.000115502684,
flashinfer_decode,tokens-70616/c2d26a48,PASS,candidate_correct_and_timed,0.082377999,0.090895992,0.906289,0.0868055597,8.63541063e-05,
flashinfer_decode,tokens-70616/d42f4766,PASS,candidate_correct_and_timed,0.049694005,0.077480989,0.641370,0.0915750936,0.000113275841,
flashinfer_decode,tokens-70616/e77fe283,PASS,candidate_correct_and_timed,0.081859995,0.091371010,0.895908,0.0877192989,8.69583382e-05,
flashinfer_decode,tokens-70616/e93bbfe6,PASS,candidate_correct_and_timed,0.118793003,0.108694003,1.092912,0.0881834179,8.64138347e-05,
flashinfer_decode,tokens-70616/ea79c5d0,PASS,candidate_correct_and_timed,0.062034989,0.081029008,0.765590,0.0881834179,8.55226463e-05,
flashinfer_prefill,tokens-111253/0034c71c,PASS,candidate_correct_and_timed,1.017671006,0.667629996,1.524304,0.389105082,0.000101716403,
flashinfer_prefill,tokens-111253/1d59b97d,PASS,candidate_correct_and_timed,0.998485004,0.649092006,1.538280,0.374531835,0.000101891921,
flashinfer_prefill,tokens-111253/43ba90f5,PASS,candidate_correct_and_timed,1.016851995,2.675694006,0.380033,0.341296941,0.000101771795,
flashinfer_prefill,tokens-111253/70b65853,PASS,candidate_correct_and_timed,1.016166992,0.991391003,1.024991,0.369003683,0.000101505771,
flashinfer_prefill,tokens-111253/77197bfe,PASS,candidate_correct_and_timed,1.082676012,2.928524002,0.369700,0.383141786,0.000101961909,
flashinfer_prefill,tokens-111253/8e5407b7,PASS,candidate_correct_and_timed,1.015517002,1.131890996,0.897186,0.375939876,0.000101711768,
flashinfer_prefill,tokens-111253/d94c29d1,PASS,candidate_correct_and_timed,0.982287995,0.650431990,1.510209,0.389105082,0.000101778765,
flashinfer_prefill,tokens-111253/e3db520a,PASS,candidate_correct_and_timed,0.525801996,0.128902000,4.079083,0.259740263,0.000100400219,
flashinfer_prefill,tokens-207860/20b33e5a,PASS,candidate_correct_and_timed,1.192370008,1.075737004,1.108421,0.260416687,9.82871352e-05,
flashinfer_prefill,tokens-207860/27b590a7,PASS,candidate_correct_and_timed,0.550830999,0.216546003,2.543714,0.259740263,9.90665721e-05,
flashinfer_prefill,tokens-207860/381ae735,PASS,candidate_correct_and_timed,0.511427992,0.107289001,4.766826,0.260416687,0.000101631493,
flashinfer_prefill,tokens-207860/5dbb310d,PASS,candidate_correct_and_timed,1.090288002,0.975555988,1.117607,0.260416687,9.83520877e-05,
flashinfer_prefill,tokens-207860/9e6121fb,PASS,candidate_correct_and_timed,1.228801993,1.076758999,1.141204,0.260416687,9.81226985e-05,
flashinfer_prefill,tokens-70616/259ae8d1,PASS,candidate_correct_and_timed,1.412401005,1.964502997,0.718961,0.387596905,0.000101446669,
flashinfer_prefill,tokens-70616/3337c143,PASS,candidate_correct_and_timed,1.496867000,3.652630010,0.409805,0.260416687,9.90309345e-05,
flashinfer_prefill,tokens-70616/8c5ff0bd,PASS,candidate_correct_and_timed,1.363971998,1.666387994,0.818520,0.375939876,0.000101745747,
flashinfer_prefill,tokens-70616/a9bd8d03,PASS,candidate_correct_and_timed,1.487111003,3.490985997,0.425986,0.367647082,9.8118493e-05,
flashinfer_prefill,tokens-70616/e5ea9c80,PASS,candidate_correct_and_timed,1.444328998,3.493951997,0.413380,0.377358466,9.81474077e-05,
flux_pos_embed,tokens-1536/ac0afe80,PASS,candidate_correct_and_timed,0.272260004,0.250496989,1.086879,0,0,
flux_pos_embed,tokens-4608/a73cd9f9,PASS,candidate_correct_and_timed,0.267947005,0.240857000,1.112473,0,0,
fp8_linear,tokens-16384/0ae58bb0,PASS,candidate_correct_and_timed,0.321329004,0.319598999,1.005413,0,0,
fp8_linear,tokens-16384/e40e06c0,PASS,candidate_correct_and_timed,0.392889997,0.391030000,1.004757,0,0,
fp8_linear,tokens-2304/0036d940,PASS,candidate_correct_and_timed,0.070590002,0.066356995,1.063791,0,0,
fp8_linear,tokens-2304/2bbc8e66,PASS,candidate_correct_and_timed,0.080933998,0.077163000,1.048871,0,0,
fp8_linear,tokens-2304/3f870807,PASS,candidate_correct_and_timed,0.080409009,0.077428995,1.038487,0,0,
fp8_linear,tokens-2304/4766da9b,PASS,candidate_correct_and_timed,0.075894000,0.072255993,1.050349,0,0,
fp8_linear,tokens-2304/509c1ae7,PASS,candidate_correct_and_timed,0.066173001,0.065079003,1.016810,0,0,
fp8_linear,tokens-4096/400046bf,PASS,candidate_correct_and_timed,0.092946997,0.091629001,1.014384,0,0,
fp8_linear,tokens-4096/52b802f5,PASS,candidate_correct_and_timed,0.077188000,0.075347009,1.024434,0,0,
fp8_linear,tokens-4096/8182cbe9,PASS,candidate_correct_and_timed,0.075921009,0.076306998,0.994942,0,0,
fp8_linear,tokens-4096/8958f65b,PASS,candidate_correct_and_timed,0.071912000,0.065515007,1.097642,0,0,
fp8_linear,tokens-4096/8fdbdd41,PASS,candidate_correct_and_timed,0.066907000,0.064024993,1.045014,0,0,
fp8_linear,tokens-5435/538c23f2,PASS,candidate_correct_and_timed,0.166313999,0.164444005,1.011372,0,0,
fp8_linear,tokens-5435/bd5286af,PASS,candidate_correct_and_timed,0.156605005,0.155119997,1.009573,0,0,
fused_recurrent_gla,tokens-1/97723e2a,PASS,candidate_correct_and_timed,0.109992005,0.106733991,1.030525,0,0,
fused_recurrent_gla,tokens-32/1bb35dd6,PASS,candidate_correct_and_timed,0.131448003,0.131455003,0.999947,0,0,
fused_recurrent_gla,tokens-4/7bd782db,PASS,candidate_correct_and_timed,0.105679996,0.106848995,0.989059,0,0,
fused_recurrent_gla,tokens-64/0a18c504,PASS,candidate_correct_and_timed,0.183925993,0.182326999,1.008770,0,0,
fused_recurrent_gla,tokens-8/151e1958,PASS,candidate_correct_and_timed,0.108712004,0.106284002,1.022844,0,0,
fused_recurrent_retention,tokens-1/manual_retnet_decode,PASS,candidate_correct_and_timed,0.184157994,0.169984007,1.083384,0,0,
gelu,tokens-1024/19caa369,PASS,candidate_correct_and_timed,0.013762998,0.023206012,0.593079,0,0,
gelu,tokens-1024/4d681d1c,PASS,candidate_correct_and_timed,0.014218997,0.022692999,0.626581,0.00152183848,8.81729856e-10,
gelu,tokens-128/88fd2cba,PASS,candidate_correct_and_timed,0.014026999,0.023753004,0.590536,0.00152183848,7.28404226e-10,
gelu,tokens-13692/81d71150,PASS,candidate_correct_and_timed,0.084914995,0.094978997,0.894040,0.00152183848,6.84665658e-10,
gelu,tokens-1760/76930c49,PASS,candidate_correct_and_timed,0.014902005,0.022063003,0.675430,0,0,
gelu,tokens-192/7b65d777,PASS,candidate_correct_and_timed,0.565705006,0.600917992,0.941401,0.000379939214,2.50571064e-10,
gelu,tokens-2048/13de1639,PASS,candidate_correct_and_timed,0.015021011,0.022477994,0.668254,0,0,
gelu,tokens-256/0b64e761,PASS,candidate_correct_and_timed,0.748440987,0.791979997,0.945025,0.000379939214,2.51290155e-10,
gelu,tokens-256/a9c542ce,PASS,candidate_correct_and_timed,0.013275989,0.023998000,0.553212,0.00152183848,8.28246527e-10,
gelu,tokens-4/07065a99,PASS,candidate_correct_and_timed,0.021134008,0.029731003,0.710841,0.0108225113,2.27831123e-08,
gelu,tokens-4/0721d7f8,PASS,candidate_correct_and_timed,0.041118008,0.049305003,0.833952,0.0108225113,2.23363923e-08,
gelu,tokens-4/0a035451,PASS,candidate_correct_and_timed,0.054034012,0.058336009,0.926255,0.0108225113,2.21932375e-08,
gelu,tokens-4/4b47ca1b,PASS,candidate_correct_and_timed,0.040939995,0.046610992,0.878333,0,0,
gelu,tokens-4/8767944a,PASS,candidate_correct_and_timed,0.258226995,0.235462008,1.096682,0,0,
gelu,tokens-4/baecfffc,PASS,candidate_correct_and_timed,0.024419001,0.034622004,0.705303,0.000379939214,2.55466953e-10,
gelu,tokens-4/ea7df808,PASS,candidate_correct_and_timed,0.056170000,0.060738006,0.924792,0.0108225113,2.21903029e-08,
gelu,tokens-4/fc31868c,PASS,candidate_correct_and_timed,0.043045991,0.050678995,0.849385,0.0108225113,2.21026326e-08,
gelu,tokens-4096/1d957526,PASS,candidate_correct_and_timed,0.017199010,0.024652996,0.697644,0,0,
gelu,tokens-440/a4c8bf1b,PASS,candidate_correct_and_timed,0.013419995,0.023055996,0.582061,0.00152183848,6.03948613e-10,
gelu,tokens-512/2780c5e3,PASS,candidate_correct_and_timed,0.013431010,0.021280997,0.631127,0,0,
gelu,tokens-512/f9d079f2,PASS,candidate_correct_and_timed,0.013410987,0.022200999,0.604071,0.00152183848,8.02982791e-10,
gelu,tokens-64/741e0400,PASS,candidate_correct_and_timed,0.197425004,0.216681001,0.911132,0.000379939214,2.50081039e-10,
gelu,tokens-8/02ac20c3,PASS,candidate_correct_and_timed,0.097166994,0.097146010,1.000216,0.0108225113,2.25701751e-08,
gelu,tokens-8/433ec8f0,PASS,candidate_correct_and_timed,0.091376001,0.092691000,0.985813,0.0108225113,2.25744277e-08,
gelu,tokens-8/4bfc63bd,PASS,candidate_correct_and_timed,0.122148995,0.117306001,1.041285,0,0,
gelu,tokens-8/67e7ea3e,PASS,candidate_correct_and_timed,0.177057998,0.163406003,1.083546,0,0,
gelu,tokens-8/7c298a1e,PASS,candidate_correct_and_timed,0.068619003,0.070542999,0.972726,0,0,
gelu,tokens-8/841d2a88,PASS,candidate_correct_and_timed,0.066356006,0.069785994,0.950850,0.0108225113,2.22848069e-08,
gelu,tokens-8/d0f84ae6,PASS,candidate_correct_and_timed,0.038254002,0.047470996,0.805839,0.000379939214,2.45816201e-10,
gelu,tokens-8/e627b8e5,PASS,candidate_correct_and_timed,0.030137991,0.038233004,0.788272,0.0108225113,2.3196975e-08,
gelu,tokens-8/e6e915d9,PASS,candidate_correct_and_timed,0.071376999,0.074034004,0.964111,0.0108225113,2.22249863e-08,
gla_recurrence,tokens-1/manual_gla_decode,PASS,candidate_correct_and_timed,0.156106005,0.152042994,1.026723,0,0,
interpolate,tokens-32/98aee9ce,PASS,candidate_correct_and_timed,0.093598996,0.093823008,0.997612,0,0,
interpolate,tokens-32/c8638aca,PASS,candidate_correct_and_timed,0.054780001,0.060994993,0.898107,0,0,
l2_norm,tokens-13692/3131ff05,PASS,candidate_correct_and_timed,0.084741012,0.049165013,1.723604,0.000240314606,1.06698372e-09,
layer_norm,tokens-1024/42ed6695,PASS,candidate_correct_and_timed,0.046027999,0.027878006,1.651051,0.0119360229,4.58916405e-10,
layer_norm,tokens-1024/973484b5,PASS,candidate_correct_and_timed,0.064238993,0.031282005,2.053545,0.0459347703,7.91934351e-10,
layer_norm,tokens-128/949a9a8f,PASS,candidate_correct_and_timed,0.046874004,0.028612994,1.638207,0.0235515777,6.73874012e-10,
layer_norm,tokens-13692/10a60b2a,PASS,candidate_correct_and_timed,0.138029995,0.040769010,3.385660,0.0445632823,2.82740525e-10,
layer_norm,tokens-1760/2c656784,PASS,candidate_correct_and_timed,0.047600988,0.027582006,1.725799,0.0443066023,7.05913106e-10,
layer_norm,tokens-192/ff21330c,PASS,candidate_correct_and_timed,0.829194003,0.132600006,6.253348,0.0108096432,3.32215061e-10,
layer_norm,tokens-2048/f241930f,PASS,candidate_correct_and_timed,0.050394010,0.027054004,1.862719,0.0236574393,3.33026495e-10,
layer_norm,tokens-256/41100ec6,PASS,candidate_correct_and_timed,1.090981998,0.168900006,6.459337,0.0108225113,3.28669841e-10,
layer_norm,tokens-256/f8f50a55,PASS,candidate_correct_and_timed,0.047403999,0.028497001,1.663473,0.0119789178,2.79860579e-10,
layer_norm,tokens-4/397b75d2,PASS,candidate_correct_and_timed,0.051908995,0.029673000,1.749368,0.0706214681,1.96490646e-08,
layer_norm,tokens-4/4f83ef89,PASS,candidate_correct_and_timed,0.059261001,0.028327006,2.092032,0.0648088157,2.12617426e-08,
layer_norm,tokens-4/5d20a9c7,PASS,candidate_correct_and_timed,0.347965994,0.073595991,4.728056,0.480769247,3.02334051e-08,
layer_norm,tokens-4/730eac3b,PASS,candidate_correct_and_timed,0.034527999,0.027501999,1.255472,0.0621504039,1.99168557e-08,
layer_norm,tokens-4/86417962,PASS,candidate_correct_and_timed,0.058398989,0.028893002,2.021216,0.480769247,4.12198489e-08,
layer_norm,tokens-4/933e1d80,PASS,candidate_correct_and_timed,0.348158006,0.074467011,4.675332,0.518134713,4.01990228e-08,
layer_norm,tokens-4/9ce9da4d,PASS,candidate_correct_and_timed,0.054958000,0.028344992,1.938896,0.0645577833,2.14947846e-08,
layer_norm,tokens-4/a48736d1,PASS,candidate_correct_and_timed,0.080329002,0.031213000,2.573575,0.0744601637,2.29187691e-08,
layer_norm,tokens-4/a4c06830,PASS,candidate_correct_and_timed,0.388795001,0.078840996,4.931381,0.518134713,2.88986843e-08,
layer_norm,tokens-4/c766777b,PASS,candidate_correct_and_timed,0.048982009,0.028833994,1.698759,0.0029348752,2.80579115e-10,
layer_norm,tokens-4096/1dca1e29,PASS,candidate_correct_and_timed,0.065991990,0.028541006,2.312182,0.0230414756,4.10350337e-10,
layer_norm,tokens-440/f84421cb,PASS,candidate_correct_and_timed,0.048971007,0.029410992,1.665058,0.0120148994,3.77323867e-10,
layer_norm,tokens-512/465783dc,PASS,candidate_correct_and_timed,0.047221009,0.026865004,1.757715,0.00152012659,2.73022108e-11,
layer_norm,tokens-512/6ba9d988,PASS,candidate_correct_and_timed,0.048723989,0.028994997,1.680427,0.0231107008,3.84635823e-10,
layer_norm,tokens-64/dc71a8eb,PASS,candidate_correct_and_timed,0.302796994,0.063542000,4.765305,0.0108471643,3.22575355e-10,
layer_norm,tokens-8/024e618c,PASS,candidate_correct_and_timed,0.139761993,0.040330997,3.465374,0.064474538,2.1152891e-08,
layer_norm,tokens-8/046f419b,PASS,candidate_correct_and_timed,0.098326011,0.034361001,2.861558,0.0637755096,2.06497912e-08,
layer_norm,tokens-8/2faa7a33,PASS,candidate_correct_and_timed,0.188327002,0.049283990,3.821261,0.469483554,3.12199759e-08,
layer_norm,tokens-8/561fb99f,PASS,candidate_correct_and_timed,0.065831991,0.029150004,2.258387,0.00572901731,3.50054402e-10,
layer_norm,tokens-8/86e4ca65,PASS,candidate_correct_and_timed,0.043658991,0.025736008,1.696417,0.0638162121,2.11242277e-08,
layer_norm,tokens-8/a14930d6,PASS,candidate_correct_and_timed,0.089142995,0.032178010,2.770308,0.0628930852,2.14626912e-08,
layer_norm,tokens-8/aca729cb,PASS,candidate_correct_and_timed,0.106817999,0.038499988,2.774494,0.49751243,2.60854307e-08,
layer_norm,tokens-8/e69ad75f,PASS,candidate_correct_and_timed,0.268061995,0.061954008,4.326790,0.460829467,2.68971068e-08,
layer_norm,tokens-8/f0bce015,PASS,candidate_correct_and_timed,0.106377993,0.036155005,2.942276,0.0651041716,2.15948059e-08,
layer_norm,tokens-8/fc96210b,PASS,candidate_correct_and_timed,0.188941005,0.050078001,3.772934,0.440528631,3.38378641e-08,
linear,tokens-1/0608bab3,PASS,candidate_correct_and_timed,0.030187992,0.041343999,0.730166,0.00152160681,9.53674316e-07,
linear,tokens-1/4c88c5bf,PASS,candidate_correct_and_timed,0.286301991,0.529676996,0.540522,0,0,
linear,tokens-1/6e891cff,PASS,candidate_correct_and_timed,0.050147995,0.088041998,0.569592,0.341296941,8.19232719e-06,
linear,tokens-1/8727c13f,PASS,candidate_correct_and_timed,0.034251992,0.055361001,0.618703,0,0,
linear,tokens-1/b3c44b8b,PASS,candidate_correct_and_timed,0.025535992,0.045538007,0.560762,0,0,
linear,tokens-1/c47ef825,PASS,candidate_correct_and_timed,0.033032004,0.047466005,0.695909,0.00605620164,2.20206058e-08,
linear,tokens-100/80bdb3de,PASS,candidate_correct_and_timed,1.682855000,3.410482997,0.493436,0,0,
linear,tokens-128/6700d0ba,PASS,candidate_correct_and_timed,0.026309994,0.052710995,0.499137,0.0181275215,6.87612882e-08,
linear,tokens-16/9db2843f,PASS,candidate_correct_and_timed,0.021122003,0.043496999,0.485597,0.0124772601,7.04661289e-08,
linear,tokens-16384/dc314551,PASS,candidate_correct_and_timed,0.363498999,0.679980003,0.534573,0,0,
linear,tokens-256/9bf01ec9,PASS,candidate_correct_and_timed,0.026846988,0.057234007,0.469074,0,0,
linear,tokens-32/16caafe2,PASS,candidate_correct_and_timed,0.026254012,0.052144998,0.503481,0.014572802,6.70588776e-08,
linear,tokens-32/2f78420f,PASS,candidate_correct_and_timed,0.025632005,0.045971989,0.557557,0,0,
linear,tokens-32/6cab5e8e,PASS,candidate_correct_and_timed,0.047267997,0.088404995,0.534676,0,0,
linear,tokens-32/7f244fb8,PASS,candidate_correct_and_timed,0.022566994,0.036473008,0.618731,0,0,
linear,tokens-32/e1f6eae7,PASS,candidate_correct_and_timed,0.029205999,0.049524999,0.589722,0.518134713,1.6644882e-06,
linear,tokens-4/18429c92,PASS,candidate_correct_and_timed,0.047997004,0.072580995,0.661289,0,0,
linear,tokens-4/224dad2b,PASS,candidate_correct_and_timed,0.023603003,0.038722006,0.609550,0,0,
linear,tokens-4/250e8993,PASS,candidate_correct_and_timed,0.052456002,0.076123004,0.689095,0,0,
linear,tokens-4/253c3a1e,PASS,candidate_correct_and_timed,0.032455006,0.038951999,0.833205,0.00152374792,7.32231076e-09,
linear,tokens-4/54063593,PASS,candidate_correct_and_timed,0.022356006,0.039467006,0.566448,0.00117958558,8.21746671e-09,
linear,tokens-4/584affd0,PASS,candidate_correct_and_timed,0.034247001,0.053337004,0.642087,0,0,
linear,tokens-4/58b60d0b,PASS,candidate_correct_and_timed,0.045060006,0.066109991,0.681591,0,0,
linear,tokens-4/59836aff,PASS,candidate_correct_and_timed,0.029054994,0.046069996,0.630671,0,0,
linear,tokens-4/62caf997,PASS,candidate_correct_and_timed,0.027977003,0.044439003,0.629560,0,0,
linear,tokens-4/65fe4ec4,PASS,candidate_correct_and_timed,0.031857999,0.038500002,0.827480,0.00158644759,7.36866834e-09,
linear,tokens-4/68cf1f28,PASS,candidate_correct_and_timed,0.044529006,0.070757989,0.629314,0,0,
linear,tokens-4/73d70fd5,PASS,candidate_correct_and_timed,0.028724011,0.049119000,0.584784,0.432900429,2.24666064e-06,
linear,tokens-4/7c419c3e,PASS,candidate_correct_and_timed,0.034347002,0.052720992,0.651486,0,0,
linear,tokens-4/7ca3d7ef,PASS,candidate_correct_and_timed,0.033196993,0.038940998,0.852495,0.00152167655,7.68479413e-09,
linear,tokens-4/84ab1d19,PASS,candidate_correct_and_timed,0.027087997,0.048501999,0.558492,0,0,
linear,tokens-4/8ab7342b,PASS,candidate_correct_and_timed,0.023260000,0.037955993,0.612815,0,0,
linear,tokens-4/8c56d8fb,PASS,candidate_correct_and_timed,0.027007001,0.037035003,0.729229,0,0,
linear,tokens-4/b58208b4,PASS,candidate_correct_and_timed,0.028376002,0.049925991,0.568361,0.215517253,1.17354921e-06,
linear,tokens-4/d78b0299,PASS,candidate_correct_and_timed,0.037067002,0.057621000,0.643290,0,0,
linear,tokens-4/ea08b7c4,PASS,candidate_correct_and_timed,0.028868992,0.043303997,0.666659,0,0,
linear,tokens-4/eccf747c,PASS,candidate_correct_and_timed,0.051151990,0.087488996,0.584668,0.438596487,6.3147636e-06,
linear,tokens-64/65c6d496,PASS,candidate_correct_and_timed,0.024665002,0.038589002,0.639172,0,0,
linear,tokens-64/72ecb900,PASS,candidate_correct_and_timed,0.025683999,0.044572997,0.576223,0,0,
linear,tokens-64/7be36c60,PASS,candidate_correct_and_timed,0.026932001,0.048337999,0.557160,0,0,
linear,tokens-64/add4386a,PASS,candidate_correct_and_timed,0.049303999,0.094000003,0.524511,0,0,
linear,tokens-8/0a13bee1,PASS,candidate_correct_and_timed,0.069813002,0.107112995,0.651770,0,0,
linear,tokens-8/0eacd549,PASS,candidate_correct_and_timed,0.024177003,0.039172999,0.617185,0,0,
linear,tokens-8/101b5236,PASS,candidate_correct_and_timed,0.032942000,0.038799000,0.849042,0.00171316462,7.33588212e-09,
linear,tokens-8/1cd94936,PASS,candidate_correct_and_timed,0.024882989,0.047335998,0.525667,0,0,
linear,tokens-8/37e252f3,PASS,candidate_correct_and_timed,0.072236988,0.113757007,0.635011,0,0,
linear,tokens-8/422d4a4c,PASS,candidate_correct_and_timed,0.032976997,0.039595005,0.832858,0.00204827427,7.90247601e-09,
linear,tokens-8/456192a8,PASS,candidate_correct_and_timed,0.053270007,0.076833006,0.693322,0,0,
linear,tokens-8/49abe2b8,PASS,candidate_correct_and_timed,0.027813003,0.047770009,0.582227,0.383141786,1.071312e-06,
linear,tokens-8/4c1e363b,PASS,candidate_correct_and_timed,0.045987006,0.090718997,0.506917,0,0,
linear,tokens-8/522d311c,PASS,candidate_correct_and_timed,0.022464999,0.037714999,0.595652,0,0,
linear,tokens-8/522f349e,PASS,candidate_correct_and_timed,0.022801003,0.040069994,0.569029,0,0,
linear,tokens-8/55e0a51c,PASS,candidate_correct_and_timed,0.032833006,0.038015001,0.863686,0.00113432296,7.38866524e-09,
linear,tokens-8/5ad8b44a,PASS,candidate_correct_and_timed,0.030670999,0.047169990,0.650223,0,0,
linear,tokens-8/6d0f15c3,PASS,candidate_correct_and_timed,0.033207994,0.039316001,0.844643,0.0020274506,7.4551938e-09,
linear,tokens-8/8874d6b9,PASS,candidate_correct_and_timed,0.046137997,0.070324997,0.656068,0,0,
linear,tokens-8/93e8bd7d,PASS,candidate_correct_and_timed,0.035752004,0.056502002,0.632756,0,0,
linear,tokens-8/9ef40a7a,PASS,candidate_correct_and_timed,0.032768003,0.038483995,0.851471,0.00138262485,7.97230371e-09,
linear,tokens-8/a15f8143,PASS,candidate_correct_and_timed,0.032640994,0.040204992,0.811864,0.00123452977,7.97841526e-09,
linear,tokens-8/aac5fae8,PASS,candidate_correct_and_timed,0.032564989,0.038105005,0.854612,0.00257638376,6.83781742e-09,
linear,tokens-8/b6f603d8,PASS,candidate_correct_and_timed,0.061026003,0.101447993,0.601550,0,0,
linear,tokens-8/baa7b051,PASS,candidate_correct_and_timed,0.032767988,0.037708000,0.868993,0.00145844498,7.39220907e-09,
linear,tokens-8/c8e73ece,PASS,candidate_correct_and_timed,0.042768996,0.067311004,0.635394,0,0,
linear,tokens-8/ca664393,PASS,candidate_correct_and_timed,0.021323998,0.043863998,0.486139,0.0134173334,7.02417537e-08,
linear,tokens-8/d94a8c2b,PASS,candidate_correct_and_timed,0.046592002,0.066980996,0.695600,0,0,
linear,tokens-8/ea797024,PASS,candidate_correct_and_timed,0.078369005,0.125706996,0.623426,0,0,
log_sigmoid,tokens-1/47fbfc55,PASS,candidate_correct_and_timed,0.014657009,0.024330002,0.602425,0,0,
log_sigmoid,tokens-1/92e9b5b0,PASS,candidate_correct_and_timed,0.014741003,0.023661007,0.623008,0,0,
log_sigmoid,tokens-1/e70fb1c6,PASS,candidate_correct_and_timed,0.045006993,0.048970003,0.919073,0,0,
log_sigmoid,tokens-100/bd8e4599,PASS,candidate_correct_and_timed,0.198624999,0.178946008,1.109972,0.00303582265,4.65661309e-13,
log_sigmoid,tokens-100/ed86ac57,PASS,candidate_correct_and_timed,0.208286001,0.187316997,1.111944,0.00303582265,4.3988668e-13,
log_sigmoid,tokens-32/d72d515a,PASS,candidate_correct_and_timed,0.014103003,0.022659995,0.622375,0,0,
log_sigmoid,tokens-4/aa1e4448,PASS,candidate_correct_and_timed,0.015052006,0.022926994,0.656519,0,0,
log_sigmoid,tokens-64/138dbda9,PASS,candidate_correct_and_timed,0.014069999,0.024864989,0.565856,0,0,
log_sigmoid,tokens-8/6328ab23,PASS,candidate_correct_and_timed,0.013986995,0.022645996,0.617637,0,0,
max_pool2d,tokens-32/39d83236,PASS,candidate_correct_and_timed,0.064412001,0.041413005,1.555357,0,0,
moe_align,tokens-100/d3acd8fd,PASS,candidate_correct_and_timed,0.023579007,0.116361000,0.202637,0,0,
moe_align,tokens-13/a55c802a,PASS,candidate_correct_and_timed,0.023970002,0.114054012,0.210164,0,0,
moe_align,tokens-1418/0cd63cdf,PASS,candidate_correct_and_timed,0.027863993,0.114737995,0.242849,0,0,
moe_align,tokens-16384/53e7d720,PASS,candidate_correct_and_timed,0.070381997,0.138324991,0.508816,0,0,
moe_align,tokens-2238/982a207a,PASS,candidate_correct_and_timed,0.030224997,0.114294002,0.264450,0,0,
moe_align,tokens-3/032e88f6,PASS,candidate_correct_and_timed,0.018278006,0.025824993,0.707764,0,0,
moe_align,tokens-45/62d91193,PASS,candidate_correct_and_timed,0.023346001,0.113343005,0.205977,0,0,
moe_align,tokens-5/dd584087,PASS,candidate_correct_and_timed,0.024841996,0.114041002,0.217834,0,0,
moe_align,tokens-5435/56a7c892,PASS,candidate_correct_and_timed,0.039350998,0.120513010,0.326529,0,0,
moe_align,tokens-68/4ac74633,PASS,candidate_correct_and_timed,0.025427988,0.115101997,0.220917,0,0,
moe_grouped_gemm,tokens-100/5a7b857a,PASS,candidate_correct_and_timed,0.168530009,0.167940001,1.003513,0,0,
moe_grouped_gemm,tokens-131072/bf203a93,PASS,candidate_correct_and_timed,3.982223003,4.061209998,0.980551,0,0,
moe_grouped_gemm,tokens-16384/f649e468,PASS,candidate_correct_and_timed,6.507055004,6.522367999,0.997652,0,0,
moe_grouped_gemm,tokens-24/8b854968,PASS,candidate_correct_and_timed,0.041833002,0.040632003,1.029558,0,0,
moe_grouped_gemm,tokens-3/26e0f7e2,PASS,candidate_correct_and_timed,0.050331000,0.048788992,1.031606,0,0,
moe_grouped_gemm,tokens-43480/7a7ecdec,PASS,candidate_correct_and_timed,1.537427990,1.505501001,1.021207,0,0,
moe_grouped_gemm,tokens-5435/73c00b9c,PASS,candidate_correct_and_timed,2.419794997,2.428313994,0.996492,0,0,
moe_grouped_gemm,tokens-544/530529e7,PASS,candidate_correct_and_timed,0.106706997,0.106260006,1.004207,0,0,
moe_grouped_gemm,tokens-584/e3b93189,PASS,candidate_correct_and_timed,0.112655995,0.110490000,1.019604,0,0,
moe_grouped_gemm,tokens-68/cebe8ec0,PASS,candidate_correct_and_timed,0.164554993,0.161834003,1.016813,0,0,
moe_grouped_gemm,tokens-73/b538d1f7,PASS,candidate_correct_and_timed,0.165170000,0.161857999,1.020462,0,0,
moe_grouped_gemm,tokens-800/fd963719,PASS,candidate_correct_and_timed,0.120400000,0.118569005,1.015442,0,0,
moe_sum,tokens-131072/c49edc3a,PASS,candidate_correct_and_timed,0.404380000,0.300510001,1.345646,0.467289746,4.65661287e-10,
moe_sum,tokens-24/02d9f5a5,PASS,candidate_correct_and_timed,0.018662991,0.026397000,0.707012,0,0,
moe_sum,tokens-43480/8b4902e8,PASS,candidate_correct_and_timed,0.149642001,0.116340001,1.286247,0.205338821,1.75469056e-10,
moe_sum,tokens-544/046c8eb9,PASS,candidate_correct_and_timed,0.019922009,0.026488997,0.752086,0,0,
moe_sum,tokens-800/ed9ea5e6,PASS,candidate_correct_and_timed,0.020241001,0.026907990,0.752230,0,0,
mrope,tokens-100/d83cd891,PASS,candidate_correct_and_timed,0.075849006,0.044878005,1.690115,0.584795296,0.000465806685,
mrope,tokens-1418/da2cc285,PASS,candidate_correct_and_timed,0.077792996,0.047358000,1.642658,0.719424486,0.000462581835,
mrope,tokens-16384/51abd6ef,PASS,candidate_correct_and_timed,0.130077999,0.104348990,1.246567,0.751879752,0.000463294249,
mrope,tokens-5/85aea61c,PASS,candidate_correct_and_timed,0.143840996,0.084193001,1.708467,0.518134713,0.000436465489,
mrope,tokens-68/09314537,PASS,candidate_correct_and_timed,0.077042001,0.046309011,1.663650,0.653594792,0.000473033118,
mrope_input_positions,tokens-0/1dd5ed90,PASS,candidate_correct_and_timed,0.011468001,0.011547992,0.993073,0,0,
mrope_input_positions,tokens-0/2b8375ed,PASS,candidate_correct_and_timed,0.011765995,0.011519005,1.021442,0,0,
mrope_input_positions,tokens-0/413e637d,PASS,candidate_correct_and_timed,0.011220996,0.011291006,0.993800,0,0,
mrope_input_positions,tokens-0/92094f7f,PASS,candidate_correct_and_timed,0.011381999,0.011027994,1.032101,0,0,
mrope_input_positions,tokens-0/abcf37ad,PASS,candidate_correct_and_timed,0.011431010,0.011429001,1.000176,0,0,
mxfp4_moe,tokens-1/19105fc8,PASS,candidate_correct_and_timed,1.153767007,1.117646010,1.032319,0,0,
mxfp4_moe,tokens-16384/92b2900a,PASS,candidate_correct_and_timed,8.162186990,7.985609001,1.022112,0,0,
mxfp4_moe,tokens-32/1e05d636,PASS,candidate_correct_and_timed,1.211356997,1.218833000,0.993866,0,0,
mxfp4_moe,tokens-4/36d6f0f3,PASS,candidate_correct_and_timed,1.130003991,1.131996993,0.998239,0,0,
mxfp4_moe,tokens-64/0fa3f66b,PASS,candidate_correct_and_timed,1.348160993,1.346951991,1.000898,0,0,
oasis_rotary,tokens-64/manual_oasis_temporal,PASS,candidate_correct_and_timed,0.032805998,0.031578995,1.038855,0,0,
quickgelu,tokens-1024/manual_qwen_vl_mlp,PASS,candidate_correct_and_timed,0.025267000,0.024467998,1.032655,0.507614255,0.000477813825,
relu,tokens-1024/manual_yolov10_relu,PASS,candidate_correct_and_timed,0.013839992,0.022851993,0.605636,0,0,
rms_norm,tokens-1/61d18358,PASS,candidate_correct_and_timed,0.013771001,0.022559994,0.610417,0.0462748744,1.30160597e-05,
rms_norm,tokens-1/8c582d03,PASS,candidate_correct_and_timed,0.013646000,0.023052999,0.591940,0.0460829511,1.37220241e-05,
rms_norm,tokens-1/8d461ffb,PASS,candidate_correct_and_timed,0.015225000,0.025399990,0.599410,0.0844594613,1.35860473e-05,
rms_norm,tokens-1/8f255483,PASS,candidate_correct_and_timed,0.015671001,0.025853005,0.606158,0.0458926149,1.38577834e-05,
rms_norm,tokens-1/abbec50e,PASS,candidate_correct_and_timed,0.015544996,0.026534995,0.585830,0.0455373414,1.77615693e-05,
rms_norm,tokens-100/02d5429b,PASS,candidate_correct_and_timed,0.015142999,0.026978989,0.561289,0.0860585198,1.56687111e-05,
rms_norm,tokens-16/2fa5aa9e,PASS,candidate_correct_and_timed,0.015671001,0.026352005,0.594680,0.0866551101,1.93413016e-05,
rms_norm,tokens-16/9144a6d1,PASS,candidate_correct_and_timed,0.013766999,0.023068991,0.596775,0.0886918008,1.26922205e-05,
rms_norm,tokens-1600/093dd170,PASS,candidate_correct_and_timed,0.015921993,0.025657006,0.620571,0.0866551101,1.68286078e-05,
rms_norm,tokens-16384/2d89df12,PASS,candidate_correct_and_timed,0.085371998,0.095989002,0.889394,0.156250015,1.80071511e-05,
rms_norm,tokens-16384/5d5b3864,PASS,candidate_correct_and_timed,0.024969006,0.033142001,0.753395,0.0867302716,1.66427999e-05,
rms_norm,tokens-16384/610b6608,PASS,candidate_correct_and_timed,0.143397992,0.151532004,0.946321,0.166944921,1.25996312e-05,
rms_norm,tokens-16384/91953688,PASS,candidate_correct_and_timed,0.072352006,0.072798008,0.993873,0.156250015,1.79295948e-05,
rms_norm,tokens-16384/ff5101a5,PASS,candidate_correct_and_timed,0.106410007,0.113893999,0.934290,0.166527897,1.25494089e-05,
rms_norm,tokens-25/e2b3c9c1,PASS,candidate_correct_and_timed,0.034616998,0.026276000,1.317438,0.0459558815,1.89053753e-05,
rms_norm,tokens-262144/40dfca28,PASS,candidate_correct_and_timed,0.174350003,0.181215000,0.962117,0.154559508,1.66724021e-05,
rms_norm,tokens-265/8d9f7118,PASS,candidate_correct_and_timed,0.015720012,0.025723013,0.611126,0.086505197,1.74992765e-05,
rms_norm,tokens-32/0a0099c7,PASS,candidate_correct_and_timed,0.015490994,0.027653005,0.560192,0.0860585198,1.78993323e-05,
rms_norm,tokens-32/43645e5e,PASS,candidate_correct_and_timed,0.035015997,0.055097989,0.635522,0.0868055597,1.72727396e-05,
rms_norm,tokens-32/7d66e4cc,PASS,candidate_correct_and_timed,0.014770994,0.023222994,0.636050,0.0880281702,1.24055687e-05,
rms_norm,tokens-4/0297ed69,PASS,candidate_correct_and_timed,0.015571990,0.025754998,0.604620,0.0862068981,2.18903988e-05,
rms_norm,tokens-4/bd0d6781,PASS,candidate_correct_and_timed,0.015264988,0.027126996,0.562723,0.0862812772,1.59327537e-05,
rms_norm,tokens-4/bdd57b13,PASS,candidate_correct_and_timed,0.013590994,0.023300003,0.583304,0.0876424238,1.27304065e-05,
rms_norm,tokens-4/bdf244d2,PASS,candidate_correct_and_timed,0.013479992,0.022365988,0.602700,0.0854700878,1.21656522e-05,
rms_norm,tokens-4/f8795dfb,PASS,candidate_correct_and_timed,0.015818994,0.027432005,0.576662,0.0867302716,1.50644482e-05,
rms_norm,tokens-5/63ca8cf6,PASS,candidate_correct_and_timed,0.021750006,0.057416997,0.378808,0.0458505265,1.88368413e-05,
rms_norm,tokens-500/9e0a5e9b,PASS,candidate_correct_and_timed,0.015638012,0.026405003,0.592237,0.0868055597,1.74107809e-05,
rms_norm,tokens-542000/1d55f844,PASS,candidate_correct_and_timed,0.352397998,0.353110998,0.997981,0.155521005,1.75431942e-05,
rms_norm,tokens-64/32275774,PASS,candidate_correct_and_timed,0.015578000,0.025328991,0.615026,0.0868055597,1.75117675e-05,
rms_norm,tokens-64/8dc356d8,PASS,candidate_correct_and_timed,0.014068995,0.022737993,0.618744,0.088888891,1.26548712e-05,
rms_norm,tokens-64/c0f1ec35,PASS,candidate_correct_and_timed,0.015058002,0.026629990,0.565453,0.0866551101,1.66549944e-05,
rms_norm,tokens-64/ccbeb9ca,PASS,candidate_correct_and_timed,0.015170997,0.025112997,0.604109,0.0868055597,1.75704954e-05,
rms_norm,tokens-64/ef4bda85,PASS,candidate_correct_and_timed,0.014189005,0.022616994,0.627360,0.0898472592,1.26747209e-05,
rms_norm,tokens-8/63d05af8,PASS,candidate_correct_and_timed,0.014756006,0.024786001,0.595336,0.086355783,1.85752142e-05,
rms_norm,tokens-86960/555f2269,PASS,candidate_correct_and_timed,0.067806002,0.076308992,0.888572,0.0867302716,1.66232985e-05,
rotary_emb,tokens-1/3516df83,PASS,candidate_correct_and_timed,0.030638999,0.051319992,0.597019,0,0,
rotary_emb,tokens-16/bd73e209,PASS,candidate_correct_and_timed,0.024560009,0.043624008,0.562993,0,0,
rotary_emb,tokens-16384/b359bac8,PASS,candidate_correct_and_timed,0.220519010,0.147946994,1.490527,0,0,
rotary_emb,tokens-4/21fd8902,PASS,candidate_correct_and_timed,0.024319990,0.044733999,0.543658,0,0,
rotary_emb,tokens-64/026e646f,PASS,candidate_correct_and_timed,0.024093999,0.044985005,0.535601,0,0,
sigmoid,tokens-32/31560f32,PASS,candidate_correct_and_timed,0.035313002,0.043704000,0.808004,0,0,
silu,tokens-1/bfee52fe,PASS,candidate_correct_and_timed,0.013119003,0.023146000,0.566794,0,0,
silu,tokens-1/df277c2f,PASS,candidate_correct_and_timed,0.013151002,0.024251000,0.542287,0,0,
silu,tokens-32/09b97cf8,PASS,candidate_correct_and_timed,0.013482000,0.022864988,0.589635,0,0,
silu,tokens-32/64367455,PASS,candidate_correct_and_timed,0.016261998,0.023628992,0.688222,0,0,
silu,tokens-32/90ac1aba,PASS,candidate_correct_and_timed,0.016085993,0.023899003,0.673082,0,0,
silu,tokens-32/d8019902,PASS,candidate_correct_and_timed,0.013009005,0.022891007,0.568302,0,0,
silu,tokens-4/1cf5c862,PASS,candidate_correct_and_timed,0.013408993,0.022631997,0.592479,0.0104547841,4.25747482e-09,
silu,tokens-4/1f9ce58b,PASS,candidate_correct_and_timed,0.013055003,0.024093999,0.541836,0,0,
silu,tokens-4/4fb672a8,PASS,candidate_correct_and_timed,0.012985998,0.022423003,0.579137,0,0,
silu,tokens-4/aa08be8b,PASS,candidate_correct_and_timed,0.013133002,0.022459004,0.584754,0,0,
silu,tokens-4/b69fa9ab,PASS,candidate_correct_and_timed,0.013364988,0.022878012,0.584185,0,0,
silu,tokens-4/b77fd250,PASS,candidate_correct_and_timed,0.012988006,0.021700995,0.598498,0,0,
silu,tokens-4/d51cf846,PASS,candidate_correct_and_timed,0.013126002,0.023282002,0.563783,0.0104547841,2.98023228e-09,
silu,tokens-4/f56594f1,PASS,candidate_correct_and_timed,0.012903009,0.022107008,0.583661,0.0104547841,1.19209291e-08,
silu,tokens-64/2a16f7cb,PASS,candidate_correct_and_timed,0.012919991,0.022306995,0.579190,0,0,
silu,tokens-64/c36ee4d1,PASS,candidate_correct_and_timed,0.012959994,0.022355001,0.579736,0,0,
silu,tokens-8/2654ee46,PASS,candidate_correct_and_timed,0.013113007,0.023146000,0.566534,0,0,
silu,tokens-8/32841821,PASS,candidate_correct_and_timed,0.013035999,0.022413995,0.581601,0.0104547841,1.35465106e-09,
silu,tokens-8/3aec2418,PASS,candidate_correct_and_timed,0.013026001,0.021921995,0.594198,0,0,
silu,tokens-8/54332520,PASS,candidate_correct_and_timed,0.013040990,0.022540000,0.578571,0,0,
silu,tokens-8/7b423eb5,PASS,candidate_correct_and_timed,0.012931006,0.021812011,0.592839,0.0104547841,6.38621245e-09,
silu,tokens-8/b631f690,PASS,candidate_correct_and_timed,0.012816992,0.021995002,0.582723,0.0104547841,2.12873741e-09,
silu,tokens-8/bfc14e05,PASS,candidate_correct_and_timed,0.012806995,0.021978994,0.582692,0.0104547841,1.49011614e-09,
silu,tokens-8/dc88c3cb,PASS,candidate_correct_and_timed,0.012787001,0.021729007,0.588476,0,0,
silu_and_mul,tokens-1/2e85cf1d,PASS,candidate_correct_and_timed,0.021122993,0.028292008,0.746606,0.62500006,0.00047151756,
silu_and_mul,tokens-131072/e3c837d6,PASS,candidate_correct_and_timed,0.097545999,0.129498992,0.753257,0.694444478,0.00047604955,
silu_and_mul,tokens-16/78a7b05a,PASS,candidate_correct_and_timed,0.018937993,0.023301996,0.812720,0.684931517,0.000474692089,
silu_and_mul,tokens-16384/c24f24b7,PASS,candidate_correct_and_timed,0.349259994,0.357489000,0.976981,0.719424486,0.000475901121,
silu_and_mul,tokens-24/b1b503f5,PASS,candidate_correct_and_timed,0.017165992,0.023191998,0.740169,0.584795296,0.000500347174,
silu_and_mul,tokens-4/9a58df0f,PASS,candidate_correct_and_timed,0.020420004,0.023697998,0.861676,0.62500006,0.000468567596,
silu_and_mul,tokens-43480/f0a80754,PASS,candidate_correct_and_timed,0.060348990,0.074060998,0.814855,0.694444478,0.000476718356,
silu_and_mul,tokens-544/75debe86,PASS,candidate_correct_and_timed,0.018375998,0.024686000,0.744389,0.694444478,0.000473138003,
silu_and_mul,tokens-64/0c9186ca,PASS,candidate_correct_and_timed,0.018659004,0.023957007,0.778854,0.657894731,0.000475519104,
silu_and_mul,tokens-800/da2a8963,PASS,candidate_correct_and_timed,0.017878992,0.035469988,0.504060,0.62500006,0.000473554945,
silu_mul_quant_fp8,tokens-128/manual_gpt_oss_moe,PASS,candidate_correct_and_timed,0.032581011,0.030900992,1.054368,0,0,
softmax,tokens-32/11835bdf,PASS,candidate_correct_and_timed,0.098320001,0.079942998,1.229876,0.150375947,4.21002166e-09,
softmax,tokens-32/d927ac1b,PASS,candidate_correct_and_timed,0.031158997,0.052422998,0.594376,0.0236071758,1.86776733e-10,
store_kvcache,tokens-111253/17e6c192,PASS,candidate_correct_and_timed,0.021036001,0.019815008,1.061620,0,0,
store_kvcache,tokens-111253/19c836db,PASS,candidate_correct_and_timed,0.020168009,0.020406005,0.988337,0,0,
store_kvcache,tokens-111253/bf6b52cd,PASS,candidate_correct_and_timed,0.020089996,0.020262989,0.991463,0,0,
store_kvcache,tokens-111253/d9cc2bda,PASS,candidate_correct_and_timed,0.020948006,0.019781000,1.058996,0,0,
store_kvcache,tokens-111253/f8ecc44e,PASS,candidate_correct_and_timed,0.029240007,0.029641000,0.986472,0,0,
store_kvcache,tokens-207860/2cfdfbc6,PASS,candidate_correct_and_timed,0.021764994,0.020399006,1.066963,0,0,
store_kvcache,tokens-207860/3f056b9c,PASS,candidate_correct_and_timed,0.021041997,0.021429005,0.981940,0,0,
store_kvcache,tokens-207860/54e8cbc0,PASS,candidate_correct_and_timed,0.020895997,0.020099003,1.039653,0,0,
store_kvcache,tokens-207860/6481bf3f,PASS,candidate_correct_and_timed,0.020920997,0.020238003,1.033748,0,0,
store_kvcache,tokens-207860/66ffcf6e,PASS,candidate_correct_and_timed,0.020816005,0.019978994,1.041895,0,0,
store_kvcache,tokens-70616/64586312,PASS,candidate_correct_and_timed,0.042696993,0.044885004,0.951253,0,0,
store_kvcache,tokens-70616/6e137a4e,PASS,candidate_correct_and_timed,0.020945998,0.020849999,1.004604,0,0,
store_kvcache,tokens-70616/9778c3cc,PASS,candidate_correct_and_timed,0.020810010,0.020232997,1.028518,0,0,
store_kvcache,tokens-70616/aded5e13,PASS,candidate_correct_and_timed,0.020726991,0.020221996,1.024973,0,0,
store_kvcache,tokens-70616/f7fe70e7,PASS,candidate_correct_and_timed,0.021153988,0.020430001,1.035437,0,0,
t5_layer_norm,tokens-4/48e11d2a,PASS,candidate_correct_and_timed,0.119464006,0.053580996,2.229597,0.0868055597,1.66472164e-05,
t5_layer_norm,tokens-4/d3debf9d,PASS,candidate_correct_and_timed,0.856493993,0.290958997,2.943693,0.155038759,1.66536283e-05,
t5_layer_norm,tokens-4/efa872e3,PASS,candidate_correct_and_timed,0.765532008,0.263194001,2.908623,0.154083207,1.6656064e-05,
t5_layer_norm,tokens-8/3c18b010,PASS,candidate_correct_and_timed,0.222871007,0.084519008,2.636934,0.0868055597,1.66688606e-05,
t5_layer_norm,tokens-8/a405ee53,PASS,candidate_correct_and_timed,0.405808998,0.142593999,2.845905,0.153139368,1.66822174e-05,
t5_layer_norm,tokens-8/d2ff2416,PASS,candidate_correct_and_timed,0.585906993,0.202495008,2.893439,0.0867302716,1.66519731e-05,
tensor_ops,tokens-1024/manual_one_hot,PASS,candidate_correct_and_timed,0.021148997,0.025139001,0.841282,0,0,
topk_softmax,tokens-100/045437c2,PASS,candidate_correct_and_timed,0.018145991,0.025788002,0.703660,0.000265862327,4.63100136e-09,
topk_softmax,tokens-16384/13ac24f7,PASS,candidate_correct_and_timed,0.030023992,0.052292002,0.574160,0.000416358613,4.6769344e-09,
topk_softmax,tokens-3/5c4fa404,PASS,candidate_correct_and_timed,0.018171006,0.029864008,0.608458,0.000240181456,3.57007002e-09,
topk_softmax,tokens-5435/ab4c1fa7,PASS,candidate_correct_and_timed,0.021889995,0.034432000,0.635746,0.000484738441,4.65213601e-09,
topk_softmax,tokens-68/e8b9648e,PASS,candidate_correct_and_timed,0.018010993,0.026221009,0.686892,0.000353116397,5.01270669e-09,
vision_rotary_emb,tokens-0/4a6dc2b0,PASS,candidate_correct_and_timed,0.163763005,0.166155005,0.985604,0,0,
vision_rotary_emb,tokens-0/4ed5544d,PASS,candidate_correct_and_timed,0.151512999,0.086636006,1.748846,0,0,
vision_rotary_emb,tokens-0/8a3fed53,PASS,candidate_correct_and_timed,0.159246003,0.097369004,1.635490,0,0,
vision_rotary_emb,tokens-0/a6b1e3f3,PASS,candidate_correct_and_timed,0.144471996,0.089021996,1.622880,0,0,
vision_rotary_emb,tokens-0/f38ecf04,PASS,candidate_correct_and_timed,0.091427995,0.150016989,0.609451,0,0,
yarn_rotary_emb,tokens-512/manual_deepseek_yarn,PASS,candidate_correct_and_timed,0.021929998,0.033424003,0.656115,0.0235682297,2.45705678e-10,
